			UC Irvine Office of the Registrar
			        WebRoster Listing

       IMPORTANT!  It is your responsibility to ensure confidentiality
       of the student information below.  Further disclosure is
       governed by Federal and State law and University policy, and
       is prohibited without written consent of the student(s).  For
       questions, contact Mark Fonseca (949/824-9672,
       mark.fonseca@uci.edu) in the Office of the Registrar.

Fall Quarter, 2024

	BOOL LOG & DISC STR      Course Code 35920
	I&C Sci 6B, Sec. A, 4-unit Lecture
	    Instructor: GASSKO, I.
	    Time, Place: MWF 12:00-12:50p, HSLH 100A
    Enrollment: 318 students (including 1 with a FERPA privacy block)
    Roster also viewable this term by these UCI NetID's: APURVR1, AVERYYZ, CPRASETY, HVARDHIN, IKULIKOV, JENTENMA, JULIAC18, KIC2, LUOTINGZ, MCHIMATA, NLCHAU, NSOON, OTRIFAN, PEIYUX3, RUMMANAR, SPGONUGU, VIVIADN6, YOUSEFK, YSIDHWA

Student#	Name	Email	Major	Lvl	Opt	Notes
92245536	AGRAWAL, AADI	AADIA2@UCI.EDU	CMPTSCI	SO	GR
80752245	ALSHAIDDI, FAISAL KHALED F	FALSHAID@UCI.EDU	ENGRCPE	SR	GR
15309942	ALVAREZ, ADRIAN ALI	ADRIAAA5@UCI.EDU	CMPTSCI	JR	GR
54763057	ANGUIANO, XENIA	LANGUIA3@UCI.EDU	COG SCI	SO	GR
79168864	AQUINO, JASON OMAR	JASONOA@UCI.EDU	BIM	JR	GR
66649947	ARAVINDMALI, NIVEDHA	NARAVIND@UCI.EDU	ICS-UD	SO	GR
48844654	ARREGUIN, VICTOR ALEXANDER	VAARREGU@UCI.EDU	CMPTSCI	FR	GR
92811001	ATTRE, VAIBHAV	VATTRE@UCI.EDU	CMPTSCI	SO	GR
62942724	AVILES, SHEYLA	AVILESS1@UCI.EDU	UNA-UD	JR	GR
47644713	BAIDYA, AKHIL	ABAIDYA1@UCI.EDU	CSE	SO	GR
46879515	BAO, WILL	WILLB@UCI.EDU	CMPTSCI	SO	GR
29765664	BDAIWI, ABDUL-SALAM	BDAIWIA@UCI.EDU	IN4MATX	JR	GR
28935397	BERDIN, MELISSA VERONICA	MBERDIN@UCI.EDU	SW ENGR	FR	GR
44214270	BHAMIDIPATI, SHRIYA	BHAMIDS1@UCI.EDU	CMPTSCI	SO	GR
95855693	BHARGAVA, ITISHREE	ITISHREB@UCI.EDU	EDU SCI	SO	GR
39929252	BOUGUERRA, MARYAM ABIR	MBOUGUER@UCI.EDU	CMPTSCI	SR	GR
83311725	BREWER, TUCKER	BREWERT1@UCI.EDU	CMPTSCI	SO	GR
77551919	BUENAVENTURA, RYAN NOEL	RNBUENAV@UCI.EDU	CMPTSCI	JR	GR
79169355	BUI, PHUONG MINH	PHUONGMB@UCI.EDU	MATH	SO	GR
29195630	CAI, ANDREW	ACAI13@UCI.EDU	CSE	JR	GR
13352878	CAPISTRAN, MICHAEL ALONSO	MACAPIST@UCI.EDU	CSE	JR	GR
31377208	CASTRO, ANGELINA M.	AMCASTR4@UCI.EDU	MSE	SO	GR
92928884	CASTRO, MICHAELA MARI BARIL	MICHAMC2@UCI.EDU	CMPTSCI	SR	GR
65069166	CATANIAG, BIANCA YSABEL MENDOZA	CATANIAB@UCI.EDU	IN4MATX	FR	GR
22724133	CHAK, KEATON	CHAKK@UCI.EDU	CMPTSCI	SO	GR
65533296	CHALLAGUNDLA, SREENIDHI	SCHALLAG@UCI.EDU	CMPTSCI	SO	GR
35181956	CHAU, JONATHAN THIEN BAO	CHAUJT1@UCI.EDU	CMPTSCI	SO	GR
20624963	CHEN, EASON	EASONC4@UCI.EDU	CMPTSCI	JR	GR
22629584	CHEN, JACK	ZHEKAIC@UCI.EDU	BUSECON	JR	GR
73572610	CHEN, KEVIN	CHENK27@UCI.EDU	GAMEDES	FR	GR
12367469	CHEN, NATHAN	NATHAC12@UCI.EDU	CMPTSCI	SR	GR
63951491	CHEN, SKYE	SILEH3@UCI.EDU	CMPTSCI	JR	GR
44034572	CHEN, WEIDA	WEIDAC1@UCI.EDU	SW ENGR	SO	GR
21132709	CHENG, LUKE JOSEPH	LJCHENG1@UCI.EDU	ENGRCPE	JR	GR
20996592	CHENG, NATHAN LEE	CHENGNL2@UCI.EDU	SW ENGR	SO	GR
91425686	CHIKKATUR, ABHINAV	ACHIKKAT@UCI.EDU	CMPTSCI	SO	GR
83711378	CHOI, RYLEN	RYLENC@UCI.EDU	COG SCI	SO	GR
15662167	CHON, JEREMY JOO YOUNG	CHONJJ@UCI.EDU	SW ENGR	SO	GR
79324709	CHOU, JOLENE I.	JOLENEIC@UCI.EDU	IN4MATX	JR	GR
62088321	CHOW, CHLOE CHEYENNE	CCCHOW2@UCI.EDU	UNA-UD	FR	GR
69248804	CHUANG, LEO	LCHUANG3@UCI.EDU	CMPTSCI	SO	GR
90909860	CIOBANU, DAVID	DCIOBANU@UCI.EDU	CMPTSCI	JR	GR
73966310	CRETU, ALEX	ACRETU@UCI.EDU	CMPTSCI	SO	GR
66841056	CRUZ, EDWARD	ECRUZ10@UCI.EDU	UNA-UD	JR	GR
82348388	CURTIN, JACK PATRICK	JPCURTIN@UCI.EDU	ICS-UD	SO	GR
24787611	DACIUK, RENEE BONA	RDACIUK@UCI.EDU	BUS ADM	JR	GR
92279667	DALY, RYAN FRANKLIN	RFDALY@UCI.EDU	CMPTSCI	SO	GR
36966010	DAMON, COLIN ROGER	CDAMON@UCI.EDU	ICS-UD	JR	GR
85858600	DANG, KYLE KHANG	KYLEKD1@UCI.EDU	CMPTSCI	SO	GR
80064275	DANG, PHONG TUONG	PHONGTD1@UCI.EDU	CMPTSCI	FR	GR
35518331	DARMAWAN, JUSTIN WILLIAM	DARMAWAJ@UCI.EDU	CMPTSCI	JR	GR
31168424	DE LOS SANTOS, CATHERINE ELIZABETH	CATHERED@UCI.EDU	IN4MATX	JR	GR
91992896	DELGER, AUSTIN	ADELGER@UCI.EDU	CMPTSCI	SO	GR
81985926	DENG, ZIRUI	DENGZ7@UCI.EDU	UNA-UD	FR	GR
10182510	DIAZ QUINTERO, MIGUEL SEBASTIAN	MDIAZQUI@UCI.EDU	IN4MATX	SO	GR
30805806	DOLIENTE, KAYLEE YASMINE	DOLIENTK@UCI.EDU	IN4MATX	JR	GR
79822855	DONTHIREDDY, NIHAR	NDONTHIR@UCI.EDU	CMPTSCI	SO	GR
43759649	DU, XIANMIN	XIANMIND@UCI.EDU	CLASSIC	SO	GR
82006561	ERIKSSON, ISABELLE HOPE	ERIKSSOI@UCI.EDU	CMPTSCI	SO	GR
91743568	ESCALANTE, ELLIOTT SATCHEL	ESESCALA@UCI.EDU	EGR-UA	SO	GR
53644952	FAHEY, WILLIAM BERTRAM II	WBFAHEY@UCI.EDU	CMPTSCI	JR	GR
11442851	FINN, JORDAN MARSHALL	FINNJ1@UCI.EDU	CMPTSCI	JR	GR
13413649	FIRME, RAFAEL VALENTIN	RFIRME@UCI.EDU	SW ENGR	SO	GR
57762860	FLORES, STEVE	STEVEF4@UCI.EDU	CMPTSCI	SO	GR
71007380	FULLER, NICOLAS	FULLERN1@UCI.EDU	ICS-UD	SO	GR
70631111	GAMBOA, VICTOR JR.	VJGAMBOA@UCI.EDU	CMPTSCI	FR	GR
33143572	GAO, MORGAN LIU	MLGAO@UCI.EDU	SW ENGR	JR	GR
16935631	GARCIA LOPEZ, EVAN RONALD	EVANRG2@UCI.EDU	CMPTSCI	SO	GR
14561617	GARG, AARAV	AARAVG3@UCI.EDU	CMPTSCI	FR	GR
85346782	GAYCHA, TENZIN	TGAYCHA@UCI.EDU	CSE	JR	GR
44763004	GELLNER, ROBERT MARRHIAS	RGELLNER@UCI.EDU	GAMEDES	JR	GR
70624241	GIANG, JACKIE	JACKIEG4@UCI.EDU	CMPTSCI	JR	GR
58626271	GOLLA, PRANAV	PGOLLA@UCI.EDU	CMPTSCI	SO	GR
16184054	GRANADOS, DANIEL OMAR	DOGRANAD@UCI.EDU	SW ENGR	FR	GR
62954559	GU, ANDY	GUA6@UCI.EDU	CMPTSCI	SO	GR
76184831	GUOX, FRANKIE	FGUOX@UCI.EDU	CMPTSCI	FR	GR
88321416	GUPTA, VATSA	VATSAG@UCI.EDU	CSE	SO	GR
30682204	GUTIERREZ, MANUEL	MANUG10@UCI.EDU	SW ENGR	FR	GR
49643852	GUZMAN DIAZ, GABRIEL	GGUZMAND@UCI.EDU	CMPTSCI	FR	GR
32207243	HAHN, GRACE	HAHNG1@UCI.EDU	UNA-UD	SO	GR
58713923	HAN, HYEONBEEN	HYEONBEH@UCI.EDU	CMPTSCI	FR	GR
43645318	HAO, RUNGUO	RUNGUOH@UCI.EDU	UNA-UD	FR	GR
84387695	HASKEVYCH, ANTON	AHASKEVY@UCI.EDU	BIM	FR	GR
63392323	HAYASHI, KAZUTO MITCHEL	KAZUTOH@UCI.EDU	SW ENGR	SO	GR
93622124	HENG, SEAN MIN	SMHENG@UCI.EDU	UNA-UD	FR	GR
30945594	HO, JANICE	JANICEH6@UCI.EDU	ENGRCPE	SO	GR
77942803	HO, VINCENT	VINCEH9@UCI.EDU	DATASCI	SO	GR
38154936	HONG, KRISTAL	KRISTAH4@UCI.EDU	CMPTSCI	JR	GR
42714770	HORNE, JACOB THOMAS	JHORNE1@UCI.EDU	CMPTSCI	SO	GR
65122301	HOU, KALLY	KALLYH@UCI.EDU	CMPTSCI	JR	GR
36977606	HSIEH, SELINA	SELINAH3@UCI.EDU	MUSIC	JR	GR
34353987	HUA, ALLISON TRAN	HUAAT@UCI.EDU	SW ENGR	JR	GR
85298239	HUANG, CHARLOTTE YU-CHING	CHARLYH3@UCI.EDU	IN4MATX	SO	GR
34871325	HUANG, KAREN JERA	KJHUANG3@UCI.EDU	CMPTSCI	SO	GR
25833010	HUANG, YUSHU	YUSHUH4@UCI.EDU	UNA-UD	FR	GR
66271045	HUBSCHMITT, DOMINIC FLORENTINO LESTE	DHUBSCHM@UCI.EDU	CSE	FR	GR
55333522	HUO, TINA	THUO1@UCI.EDU	CHEM	SO	GR
86314619	IRESARE, JEDIDIAH CARREON	IRESAREJ@UCI.EDU	CMPTSCI	JR	GR
14726899	JAIN, BHUPIN	BHUPINJ@UCI.EDU	CSE	SO	GR
77974390	JAKKULA, RUTHWIK	RJAKKULA@UCI.EDU	Q ECON	SO	GR
49417697	JANG, JOSEPH MYUNGHAN	JMJANG@UCI.EDU	GAMEDES	JR	GR
40391763	JAUSS, GALEN	GJAUSS@UCI.EDU	CMPTSCI	FR	GR
32438497	JI, ROBERT	ROBERJ4@UCI.EDU	CMPTSCI	SO	GR
39527492	JIANG, AMBER	YUEJ18@UCI.EDU	BUSECON	JR	GR
37316771	JIN, MICHAEL	HAOJUJ2@UCI.EDU	CMPTSCI	SO	GR
79277675	JIN, TIAN	TJIN13@UCI.EDU	SW ENGR	FR	GR
44288860	JIN, YAN	YJIN23@UCI.EDU	UNA-UD	SO	GR
42047051	JING, YIXUAN	YIXUANJ9@UCI.EDU	ENGRCPE	JR	GR
68981983	JOBI, ROWENA	RJOBI@UCI.EDU	CMPTSCI	FR	GR
83706881	JOBY, CYRIL	CJOBY@UCI.EDU	CMPTSCI	SO	GR
30594246	KALIANI, RAJAT JAWAHAR	RKALIANI@UCI.EDU	ICS-UD	SO	GR
31659512	KANAGASABAI, DHIVYESH	DKANAGAS@UCI.EDU	CSE	FR	GR
15451613	KANTAK, ADIT PRAVIN	APKANTAK@UCI.EDU	CSE	SO	GR
69642053	KETTERINGHAM, NEIL A.	NKETTERI@UCI.EDU	CMPTSCI	JR	GR
24544043	KHAN, MUHAMMAD HASSAN	MUHAMHK2@UCI.EDU	CMPTSCI	SO	GR
65258100	KHINDA, AKAM SINGH	AKAMK@UCI.EDU	ENGRCPE	JR	GR
90739957	KIM, JASON	JASOK14@UCI.EDU	ENGRCPE	JR	GR
41483212	KIM, KYLE	KYLEK11@UCI.EDU	SW ENGR	SO	GR
73266558	KIMIAGAR, SANA	SKIMIAGA@UCI.EDU	CMPTSCI	JR	GR
18843185	KINI, HRISHIKESH	KINIH@UCI.EDU	CMPTSCI	FR	GR
42611362	KLINGNER, WALTER	WKLINGNE@UCI.EDU	CMPTSCI	SO	GR
14548959	KOTHANDARAMAN, VIGNESH RAAGAV RAMAN	KOTHANDV@UCI.EDU	ENGR EE	JR	GR
59324096	KULAGA, ALI AMIN	KULAGAA@UCI.EDU	CMPTSCI	SO	GR
68863445	KULKARNI, ARJUN	AKULKAR6@UCI.EDU	CMPTSCI	SO	GR
40907607	KUO, IAN	IKUO3@UCI.EDU	CSE	FR	GR
68802830	KWOK, JONATHAN JUN LOK	JJKWOK2@UCI.EDU	CMPTSCI	JR	GR
82667718	LA, ADAM JIE VINH	LAAJ@UCI.EDU	ENGRCPE	JR	GR
78981262	LA, JULIAN CHENG VINH	JCLA@UCI.EDU	ENGRCPE	JR	GR
25089905	LARSON, DARIAN KIAN	DKLARSON@UCI.EDU	ENGRCPE	SO	GR
52881306	LASSITER, AMANDA CORINNE	LASSITEA@UCI.EDU	IN4MATX	JR	GR
44533925	LAVERY, THOMAS DANIEL	LAVERYT@UCI.EDU	CSE	SO	GR
22917821	LE, ALEX MINH HIEU	ALEXML4@UCI.EDU	SW ENGR	SO	GR
23955691	LE, MINH KHANH	MINHKL@UCI.EDU	CMPTSCI	FR	GR
49526220	LE, NINA	NINAL11@UCI.EDU	ICS-UA	SO	GR
50586919	LE, TIGER QUOCHUNG	TIGERQL@UCI.EDU	DATASCI	SO	GR
95698104	LEE, CADEN	CADENL4@UCI.EDU	CMPTSCI	SO	GR
45931376	LEE, DARREN ANTONIS	DARREAL2@UCI.EDU	CMPTSCI	SO	GR
47796259	LEE, JACOB MICHAEL	JACOBML4@UCI.EDU	CMPTSCI	JR	GR
25442708	LEE, JOUNGWON	JOUNGWOL@UCI.EDU	ART	SO	GR
63165572	LEE, SOBEK	TIANQL21@UCI.EDU	UNA-UD	JR	GR
79834162	LEE, STEPHANIE	STEPHL25@UCI.EDU	CMPTSCI	SO	GR
27397481	LEE, TAYLOR GRACIE	TAYLOGL1@UCI.EDU	UNA-UD	SO	GR
57801794	LEONG, ERIN JOY	EJLEONG@UCI.EDU	IN4MATX	SO	GR
82685226	LI, ERIC	LIE18@UCI.EDU	CMPTSCI	JR	GR
62283462	LI, HAOXUAN	HAOXUL12@UCI.EDU	SW ENGR	FR	GR
79847204	LIAN, LEON XIANG	LXLIAN@UCI.EDU	CMPTSCI	SO	GR
26707140	LIANG, JO	JALIANG1@UCI.EDU	SS-UA	FR	GR
42687785	LIANG, YONGHAO	YONGHAL2@UCI.EDU	CMPTSCI	JR	GR
42046282	LIAO, ABIGALE	ABIGALEL@UCI.EDU	CMPTSCI	JR	GR
12635992	LIEN, BRIAN	BLIEN2@UCI.EDU	CMPTSCI	FR	GR
49645243	LIGASAN, DANIELLE ELLA	DLIGASAN@UCI.EDU	IN4MATX	JR	GR
75248821	LIN, ANDREW	ALIN31@UCI.EDU	DATASCI	SO	GR
39972187	LIN, CYDNEY	CYDNEYL@UCI.EDU	BIM	FR	GR
44039030	LIU, BOYUAN	BOYUAL7@UCI.EDU	CMPTSCI	SO	GR
69369746	LIU, BRYAN KAITAO	LIUBK2@UCI.EDU	CMPTSCI	SO	GR
63264281	LO, MARCUS	MARCUSL5@UCI.EDU	SS-UA	SO	GR
12891513	LU, BENJAMIN	LUB17@UCI.EDU	CMPTSCI	JR	GR
59249602	LU, VINCENT TRI	VTLU1@UCI.EDU	CSE	JR	GR
46561557	LY, ANGELINA WEI	LYAW1@UCI.EDU	CMPTSCI	FR	GR
36064579	MAL, ROOPAUM	RMAL@UCI.EDU	CSE	JR	GR
64281468	MANGALI, KEN GABRIEL	KGMANGAL@UCI.EDU	BIM	JR	GR
58999935	MANJUNATH, SAMIT	SAMITM@UCI.EDU	CMPTSCI	FR	GR
78673658	MANTRI, DHRUV	MANTRID@UCI.EDU	MSE	FR	GR
54673288	MANZO, BRENDAN	MANZOB1@UCI.EDU	UNA-UD	SO	GR
67474144	MATUSZEWICZ, CADEN THOMAS	CMATUSZE@UCI.EDU	ICS-UD	SO	GR
60824328	MCLAUGHLIN, NATHAN ASHE	NAMCLAUG@UCI.EDU	UNA-UD	JR	GR
76061812	MEDINA, ANDRES JAMES	AJMEDIN5@UCI.EDU	ICS-UD	JR	GR
54201164	MING, PINGYU	PMING@UCI.EDU	UNA-UD	SO	GR
23769254	MISRA, SANAT	SANATM1@UCI.EDU	CMPTSCI	SO	GR
51267856	MOUA, ALYSSA NKAUJ NYIAG	ANMOUA@UCI.EDU	SW ENGR	FR	GR
74697271	MULVIHILL, NOLAN THOMAS	NMULVIHI@UCI.EDU	SW ENGR	SO	GR
45442001	MUNOZ, LEO ALEJANDRO	MUNOZLA1@UCI.EDU	SW ENGR	FR	GR
35482209	MUNOZ, SOPHIA ROSALIA	SRMUNOZ@UCI.EDU	SW ENGR	FR	GR
81925839	MURUMKAR, RISHI MANOJ	RMURUMKA@UCI.EDU	CMPTSCI	SO	GR
20337766	NAKAYAMA, KAITEI	KAITEIN@UCI.EDU	UNA-UD	FR	GR
51374337	NANAVATI, VARUN MEHUL	VNANAVAT@UCI.EDU	CMPTSCI	FR	GR
30539054	NAVARRO, ISAAC	INAVARR2@UCI.EDU	UNA-UD	SO	GR
36213544	NGO, ALEX RYAN	ARNGO@UCI.EDU	SW ENGR	SO	GR
84489366	NGO, ETHAN	NGOE5@UCI.EDU	DATASCI	JR	GR
34741355	NGO, ETHAN TRI	NGOET4@UCI.EDU	CSE	SO	GR
76327889	NGUYEN, ANDREW DUY	ANDRDN14@UCI.EDU	IN4MATX	FR	GR
88538872	NGUYEN, ANTHONY LUONG	ALNGUYE8@UCI.EDU	CMPTSCI	SO	GR
31131074	NGUYEN, BRIAN HO	BRIAHN11@UCI.EDU	EGR-UA	JR	GR
70228903	NGUYEN, CHRISTINE LOAN-ANH	CHRISLN4@UCI.EDU	SW ENGR	SR	GR
93431639	NGUYEN, CODY	CODYLN1@UCI.EDU	CMPTSCI	SR	GR
44254638	NGUYEN, JACKSON HUU	JACKSHN1@UCI.EDU	CMPTSCI	SO	GR
70703520	NGUYEN, LINA	LINAN6@UCI.EDU	IN4MATX	JR	GR
68006687	NGUYEN, LOUIS DANG	LOUISDN@UCI.EDU	CMPTSCI	SO	GR
58517760	NGUYEN, MATTHEW C.	MCNGUYE4@UCI.EDU	CMPTSCI	JR	GR
94706311	NGUYEN, MY	MYN13@UCI.EDU	CMPTSCI	JR	GR
26214813	NGUYEN, SAMANTHA DAO	SAMANDN1@UCI.EDU	DATASCI	JR	GR
63599604	NGUYEN, TONY HUNG	TONYHN3@UCI.EDU	CMPTSCI	JR	GR
63139379	NING, YIMING	YIMINGN3@UCI.EDU	CMPTSCI	JR	GR
41957296	NORMAN, MATT	MANORMAN@UCI.EDU	UNA-UD	SO	GR
60671743	NYBERG, JERYN DAVID	JDNYBERG@UCI.EDU	DATASCI	SO	GR
35281958	ODA, CAITLYN REIKO	ODAC@UCI.EDU	CMPTSCI	SO	GR
81254021	OH, KAYLA JOOEUN	OHKJ1@UCI.EDU	UNA-UD	SO	GR
41448748	ORDAZ-GUTIERREZ, JOSE LUIS	JORDAZGU@UCI.EDU	CMPTSCI	SO	GR
42403524	OROSCO, LINDSAY LYZETH	OROSCOL@UCI.EDU	CMPTSCI	JR	GR
32169777	PAGUAY, DAVID BRYAN	DPAGUAY@UCI.EDU	CMPTSCI	FR	GR
11233108	PAN, TONY YUXIANG	TONYYP7@UCI.EDU	CMPTSCI	SO	GR
72479166	PANCHOLI, VYOM SANJAY	VPANCHOL@UCI.EDU	CMPTSCI	FR	GR
71079158	PANDEY, ARNAV	ARNAVP4@UCI.EDU	CMPTSCI	SO	GR
22264901	PARK, ELLIS PERAN DAE	EPPARK@UCI.EDU	CMPTSCI	SO	GR
57649736	PARKHI, ANIKA	APARKHI1@UCI.EDU	CMPTSCI	SO	GR
91947068	PENG, YINUO	YINUOP2@UCI.EDU	CSE	SO	GR
83015945	PHAM, KEVIN TRAN	KEVINTP5@UCI.EDU	CMPTSCI	SO	GR
22996631	PHAN, DAVID NGUYEN	DAVIDNP@UCI.EDU	SW ENGR	JR	GR
17377316	PHAN, TIMMY	TIMMYP3@UCI.EDU	CMPTSCI	SO	GR
72686112	PHIMPHISANE, LUKE SOUKSAVANH	LPHIMPHI@UCI.EDU	CSE	SO	GR
22409736	PINTO, NATALIE VERA	NVPINTO@UCI.EDU	IN4MATX	SO	GR
54004193	POTIPIREDDI, RISHI ROCHAN	RPOTIPIR@UCI.EDU	CMPTSCI	SO	GR
64925720	PRAY, BRANDON	BPRAY@UCI.EDU	CMPTSCI	JR	GR
22201803	PULIJAL, SOHUM GULLA	PULIJALS@UCI.EDU	DATASCI	JR	GR
79109053	PUTTY, ANAY MURALI	APUTTY@UCI.EDU	CSE	SO	GR
84458442	QU, FANG	FQU2@UCI.EDU	CMPTSCI	SO	GR
69922599	RAJA, NAKSHATRA	NAKSHAR@UCI.EDU	CSE	SO	GR
93921232	RAMIREZ-ALEJO, SAMANTHA	SRAMIR15@UCI.EDU	UNA-UD	JR	GR
93806787	RAVI, ADHVAITH	ADHVAITR@UCI.EDU	CSE	SO	GR
75587193	RETANA, BRANDON EDUARDO	BERETANA@UCI.EDU	GAMEDES	SR	GR
40397005	REYNOLDS, GARRET	REYNOLG1@UCI.EDU	CMPTSCI	SO	GR
50729813	RIAHI, NAVID	RIAHIN@UCI.EDU	CMPTSCI	JR	GR
61316131	RODRIGUEZ, CARLOS JAVIER JR.	CARLOJR5@UCI.EDU	SW ENGR	FR	GR
18461486	RODRIGUEZ, GUSTAVO A.	GUSTAAR2@UCI.EDU	BUSECON	JR	GR
22992373	SAHARAN, ARNAV	ASAHARA1@UCI.EDU	CMPTSCI	SO	GR
15568194	SASTRY, ROHAN	RSASTRY1@UCI.EDU	CMPTSCI	FR	GR
73329132	SATHEESH, ABHINAV	ASATHEE2@UCI.EDU	CMPTSCI	SO	GR
82181978	SCHICK, SCOTT LEE	SLSCHICK@UCI.EDU	MUSIC	SO	GR
37607596	SHARMA, KARDAM	KARDAMS@UCI.EDU	CSE	FR	GR
74825823	SHIN, NOAH YOUNG JOON	NOAHYS@UCI.EDU	CMPTSCI	JR	GR
17472883	SIA, TOBIN XIANHUA	TXSIA@UCI.EDU	CMPTSCI	FR	GR
84847920	SIMMA, SAHIL	SSIMMA@UCI.EDU	DATASCI	JR	GR
30522968	SINN, JACOB JAE	SINNJ@UCI.EDU	UNA-UD	SO	GR
82062676	SITU, JASON	JIEXIS1@UCI.EDU	IN4MATX	SO	GR
54122624	SOARES WALTER, MELL	MSOARESW@UCI.EDU	CMPTSCI	JR	GR
36559194	SU, YIZHOU	YIZHOUS4@UCI.EDU	UNA-UD	FR	GR
35485800	SURAPANENI, SUHAAS	SUHAASS@UCI.EDU	CMPTSCI	SO	GR
68442150	SUTHAHARAN, PREMA	PSUTHAHA@UCI.EDU	CMPTSCI	SO	GR
15636204	TAING, RINA	RINAT1@UCI.EDU	BIM	JR	GR
51149084	TAN, FAJIA	FAJIAT@UCI.EDU	FLM&MDA	JR	GR
73546395	TANG, CAMERON	CAMEROT3@UCI.EDU	BIM	SO	GR
80684472	TANG, ERIC	CAIYIT@UCI.EDU	DATASCI	SO	GR
23204668	TANG, NATHAN ERIC	NETANG@UCI.EDU	SW ENGR	JR	GR
50079279	TANG, YUKA	YOUJIAT@UCI.EDU	SW ENGR	SO	GR
65411958	TAO, KELVIN	KELVINT4@UCI.EDU	MATH	FR	GR
82352453	TE, EVAN TAY	TEE@UCI.EDU	ENGRCPE	SR	GR
45939053	TEE, WILSON J.	TEEW@UCI.EDU	MATH	SR	GR
17966850	TELLEZ, HANZEL JARED	HJTELLEZ@UCI.EDU	SW ENGR	JR	GR
83423354	THIRUMALIGAI, SRIHARI APPAN	SATHIRUM@UCI.EDU	CMPTSCI	SO	GR
30414286	TRAN, BRIANA VU	BRIANAVT@UCI.EDU	BIM	SO	GR
20122164	TRAN, DOMINIC M.	DOMINMT2@UCI.EDU	SW ENGR	SO	GR
64127944	TRAN, DYLAN BA	DYLANBT@UCI.EDU	CMPTSCI	FR	GR
47991258	TSAI, DAPHNEY	DAPHNEYT@UCI.EDU	CMPTSCI	SO	GR
26604548	TSANG, AUSTIN KAR-SHUN	AKTSANG2@UCI.EDU	IN4MATX	SR	GR
76233272	TU, ALEXANDER NGO	ANTU2@UCI.EDU	CMPTSCI	SO	GR
59555348	TU, MITCHEL KEVIN	TUMK@UCI.EDU	SW ENGR	SO	GR
38193019	TUNG, ETHAN	ETUNG4@UCI.EDU	BUS ADM	FR	GR
16166139	UETA, LUCAS TADAHIRO	UETAL@UCI.EDU	CMPTSCI	SO	GR
17995163	VALENZUELA URIARTE, RUBI	RUBIV1@UCI.EDU	ICS-UD	SO	GR
87571015	VENKATESWARAN, ADARSH	ADARSV1@UCI.EDU	CMPTSCI	JR	GR
76752569	VERDUGO, LILLYANA ALOHALANI	LAVERDUG@UCI.EDU	CMPTSCI	FR	GR
18257093	VILLEGAS, AARON	AKVILLEG@UCI.EDU	APPMATH	JR	GR
45726635	VINJAM, JEETESH SAI ROSHAN CHOWDARY	JVINJAM@UCI.EDU	CSE	JR	GR
74933748	VO, RYAN VIET	RVVO@UCI.EDU	CMPTSCI	SO	GR
50683630	WANG, AARON SAMUEL	AARONSW3@UCI.EDU	MATH	SO	GR
51851127	WANG, ETHAN THANG	WANGET2@UCI.EDU	CSE	SO	GR
68352666	WANG, EVELYN	EVELYNW5@UCI.EDU	ECON	JR	GR
34829913	WANG, JIABEI	JIABEIW1@UCI.EDU	UNA-UD	SO	GR
78229314	WANG, KYLE	ZHAOKAW@UCI.EDU	MATH	SO	GR
78368464	WANG, TIANYU	TIANYW31@UCI.EDU	PS-UD	SO	GR
27922600	WANG, WENSHUO	WENSHUOW@UCI.EDU	CMPTSCI	JR	GR
94776730	WARRIER, ANIRUDH HARIKRISHNAN	AHWARRIE@UCI.EDU	CMPTSCI	SO	GR
61594742	WATKINS, ELIZABETH MARIE	EMWATKI1@UCI.EDU	SW ENGR	SR	GR
14645993	WEI, KATHERINE	YININW17@UCI.EDU	ECON	JR	GR
77376293	WILSON, DRAYDEN ALEXANDER	DRAYDENW@UCI.EDU	CMPTSCI	JR	GR
36522374	WONG, CALVIN	CALVIW8@UCI.EDU	CMPTSCI	FR	GR
76292080	WONG, HO YEUNG	WONGHY3@UCI.EDU	UNA-UD	FR	GR
28768947	WONG, JASON HONG LIANG	WONGJH4@UCI.EDU	CMPTSCI	JR	GR
80821992	WU, JASMINE QIYUAN	JASMINQW@UCI.EDU	COG SCI+CMPTSCI	SR	GR
70128981	WU, KATY	YEQIW1@UCI.EDU	DATASCI	SO	GR
49663116	WU, KELVIN	KELVIW3@UCI.EDU	CMPTSCI	SO	GR
75884911	WU, TONG	TONGW33@UCI.EDU	PS-UD	FR	GR
62992400	XIN, TIANWEI	TIANWEX2@UCI.EDU	PS-UD	SO	GR
83402948	YALLAPRAGADA, LAHARI LAKSHMI	LYALLAPR@UCI.EDU	CMPTSCI	SO	GR
86351392	YAN, GRACE	GYAN10@UCI.EDU	CMPTSCI	SO	GR
84071279	YAN, ZHENJIE	ZHENJIY@UCI.EDU	MATH	FR	GR
66371544	YANDELL, KENNETH AIDEN	KYANDELL@UCI.EDU	SW ENGR	FR	GR
74376326	YANG, EMILY	EMILYY12@UCI.EDU	CMPTSCI	SO	GR
82884960	YANG, NATALIE	NATALY4@UCI.EDU	CSE	SO	GR
37687345	YAO, KAICHEN	KAICHY5@UCI.EDU	UNA-UD	FR	GR
70942512	YAP, ANTONIO VIRAY III	AVYAP@UCI.EDU	CMPTSCI	SR	GR
84525033	YEE, SEAN	YEES4@UCI.EDU	CMPTSCI	FR	GR
16478987	YEH, ELIAS	ELIASY2@UCI.EDU	SW ENGR	SO	GR
31882588	YEH, FRANK	FYEH2@UCI.EDU	CSE	JR	GR
68915617	YOON, HEECHAN	HEECHANY@UCI.EDU	SW ENGR	JR	GR
67177821	YU, ANDREW	YUA13@UCI.EDU	CMPTSCI	SO	GR
60791811	YU, ETHAN K.	EKYU1@UCI.EDU	CMPTSCI	SO	GR
26544458	YU, GUANYI	GUANYIY@UCI.EDU	CMPTSCI	FR	GR
46407868	YU, MINGYANG	MYU12@UCI.EDU	ICS-UD	SO	GR
19693772	YU, TANYA	TANYAY1@UCI.EDU	ART	SO	GR
73288143	YUAN, JERICA XING	JXYUAN@UCI.EDU	CMPTSCI	SR	GR
10535839	YUE, YANGBO	YANGBOY@UCI.EDU	UNA-UD	FR	GR
95184430	ZAGROSS, LEILANI M.	LZAGROSS@UCI.EDU	ENGR AE	JR	GR
44366168	ZHANG, CALVIN CHEN	CALVINCZ@UCI.EDU	CMPTSCI	JR	GR
62398009	ZHANG, CINDY	XINYUZ62@UCI.EDU	CMPTSCI	SO	GR
75444312	ZHANG, JACKY	JACKYZ3@UCI.EDU	CMPTSCI	JR	GR
11766904	ZHANG, TIANJI	TIANJZ10@UCI.EDU	ENGRENV	SO	GR
*71721778	*ZHANG, TIFFANY	*TIFFZ13@UCI.EDU*	CSE	JR	GR
38132344	ZHANG, ZHAOPENG	ZHAOPENZ@UCI.EDU	CMPTSCI	FR	GR
46806520	ZHAO, DARREN JIAN LIN	DARRENJZ@UCI.EDU	CMPTSCI	SO	GR
53021246	ZHAO, XIMO	XIMOZ1@UCI.EDU	IN4MATX	SO	GR
19204536	ZHENG, HENRY HANLIN	HHZHENG1@UCI.EDU	APPMATH	SO	GR
94563280	ZHONG, COREY	COREYZ1@UCI.EDU	CMPTSCI	SO	GR
61619365	ZHU, DERIK	DERIKZ@UCI.EDU	CMPTSCI	SO	GR
48491788	ZHU, JIANAN	JIANAZ11@UCI.EDU	CMPTSCI	SO	GR
96062358	ZHU, YAOHUA	YAOHUZ1@UCI.EDU	CMPTSCI	SR	GR
49753849	ZHUANG, TIM	TIMZ2@UCI.EDU	ICS-UA	SO	GR
63674487	ZIA, QUAZI	QZIA@UCI.EDU	CMPTSCI	SO	GR

Total: 318 students listed above for this course on Wednesday, Oct 23, 2024.
	(318 enrolled with fees paid)

The student listed above whose student number, name and/or email
    address is marked with an asterisk, has a FERPA privacy block.  The
    student may be addressed by name in class, but the name should not be
    included in any public posting.  Please contact
    Mark Fonseca (949/824-9672, mark.fonseca@uci.edu)
    for more information about FERPA.